Acc_X,Acc_Y,Acc_Z,Gyr_X,Gyr_Y,Gyr_Z,Mag_X,Mag_Y,Mag_Z,Posture
0.17,-0.99,0.12,-0.61,-5.62,6.77,24.56,52.36,-8.78,3
0.16,-0.96,0.10,-0.73,0.85,3.66,25.51,52.71,-9.48,3
0.17,-1.00,0.11,0.55,-0.12,-2.14,26.05,52.48,-9.68,3
0.17,-0.98,0.10,0.37,-0.85,-1.53,24.71,52.23,-8.17,3
0.17,-0.98,0.10,-0.85,-0.18,-1.77,26.00,52.49,-8.33,3
0.16,-0.99,0.10,0.85,-1.22,-0.06,25.48,52.36,-8.76,3
0.16,-1.00,0.11,0.79,-3.17,-0.06,25.23,51.84,-8.95,3
0.15,-0.97,0.10,0.73,-6.71,1.10,25.16,52.45,-9.24,3
0.17,-0.98,0.11,-0.49,-8.48,-3.11,25.12,51.78,-9.23,3
0.17,-0.98,0.10,0.73,-8.79,0.06,24.52,52.19,-9.78,3
0.15,-1.00,0.11,2.69,-12.94,-1.22,23.78,52.50,-10.78,3
0.15,-0.99,0.11,2.87,-5.19,0.49,23.60,52.94,-8.75,3
0.16,-0.98,0.09,1.95,-0.61,0.37,23.93,52.84,-10.71,3
0.17,-0.98,0.10,3.17,-2.01,0.61,23.34,53.03,-10.88,3
0.18,-0.99,0.08,1.28,-8.06,0.79,23.54,52.77,-9.38,3
0.17,-0.97,0.08,3.23,-1.22,3.72,24.16,53.14,-10.84,3
0.16,-1.01,0.09,5.80,-3.23,0.06,24.45,52.97,-11.08,3
0.17,-0.98,0.07,8.00,-5.74,1.28,24.79,52.66,-10.12,3
0.16,-0.98,0.05,2.75,-15.69,-3.05,24.06,53.47,-10.27,3
0.13,-0.98,0.06,1.16,-12.08,1.04,23.14,53.31,-8.84,3
0.15,-0.97,0.07,-0.61,-13.79,3.72,24.32,52.77,-9.79,3
0.15,-0.99,0.06,4.76,-21.42,4.46,23.51,52.83,-11.28,3
0.18,-1.00,0.07,5.49,-29.48,0.18,23.68,51.87,-12.78,3
0.18,-0.97,0.05,10.44,-21.18,3.11,22.74,52.45,-13.00,3
0.15,-1.00,0.04,4.82,-16.54,1.77,22.64,52.54,-12.28,3
0.18,-1.00,0.04,2.08,-26.55,-1.10,22.22,52.62,-13.93,3
0.15,-0.99,0.05,3.36,-23.07,0.37,21.91,52.70,-13.77,3
0.18,-0.98,0.04,2.01,-14.34,2.75,21.58,52.62,-14.10,3
0.19,-0.97,0.03,4.76,-30.09,4.52,21.01,52.39,-16.20,3
0.21,-1.02,0.02,5.92,-25.09,7.75,21.08,52.28,-16.86,3
0.21,-0.99,0.04,1.46,-6.77,5.25,20.23,52.05,-15.78,3
0.22,-0.96,0.03,1.71,-18.01,1.65,19.12,52.66,-17.42,3
0.22,-0.93,0.04,4.39,-20.63,5.68,19.06,52.39,-16.67,3
0.18,-0.99,0.05,1.10,-17.64,-0.18,17.92,52.14,-19.34,3
0.21,-0.95,0.05,-8.61,6.41,0.79,18.24,52.87,-19.45,3
0.27,-0.99,0.07,-6.77,15.50,-4.46,17.15,52.62,-19.29,3
0.22,-0.98,0.08,-2.56,10.50,0.00,18.04,52.54,-20.15,3
0.17,-0.99,0.09,3.66,4.46,0.55,17.85,52.45,-19.85,3
0.22,-0.97,0.04,11.23,-24.23,1.77,17.97,52.61,-19.56,3
0.22,-1.01,0.03,9.22,-33.02,-9.03,16.15,53.26,-20.06,3
0.15,-1.07,0.07,-4.27,15.69,-3.54,15.71,53.85,-21.08,3
0.16,-0.97,0.02,1.77,37.11,-5.49,16.80,53.67,-19.36,3
0.20,-0.96,0.04,-20.45,59.27,-10.50,18.53,53.48,-18.58,3
0.21,-0.96,0.05,4.09,15.26,12.39,20.12,53.42,-17.38,3
0.20,-0.95,0.02,4.21,-0.18,-5.80,20.92,52.86,-17.81,3
0.15,-0.99,0.01,-2.14,9.28,-7.32,20.26,53.70,-17.19,3
0.20,-0.98,0.02,1.40,6.59,-2.99,20.25,53.63,-15.48,3
0.16,-0.99,0.01,-1.28,-2.01,-5.74,20.21,53.78,-16.10,3
0.14,-0.97,0.02,-6.96,-0.73,-4.64,19.95,54.74,-16.72,3
0.15,-1.00,0.04,-2.56,10.19,3.23,19.71,54.21,-16.78,3
0.20,-1.00,0.02,-4.09,34.85,4.52,20.70,54.21,-16.85,3
0.17,-0.99,0.04,-9.22,55.54,6.53,22.62,53.10,-14.55,3
0.13,-1.03,0.08,5.07,39.73,-10.19,24.28,52.65,-13.92,3
0.21,-1.00,-0.00,-1.77,41.14,-0.43,24.52,53.20,-11.44,3
0.19,-0.97,0.01,-7.32,29.36,4.64,26.32,52.44,-9.02,3
0.17,-0.97,0.01,-15.32,19.59,-10.07,26.29,52.73,-10.03,3
0.18,-0.96,0.04,-6.84,32.41,-0.67,25.95,53.31,-8.31,3
0.20,-1.01,0.05,-6.84,49.32,-28.87,26.64,53.08,-8.06,3
0.14,-0.99,0.03,2.75,38.82,-14.83,26.25,54.58,-6.73,3
0.14,-0.99,0.01,0.24,18.86,-7.51,25.98,55.68,-5.36,3
0.10,-0.98,0.02,-2.62,25.09,-4.15,25.90,55.55,-3.65,3
0.07,-1.01,0.01,10.31,34.48,0.43,25.87,54.98,-3.86,3
0.11,-0.98,-0.04,24.72,52.31,5.31,26.46,56.37,-0.09,3
0.14,-0.99,-0.07,25.45,52.86,3.30,26.92,55.74,4.04,3
0.12,-0.99,-0.09,-11.60,18.01,5.43,26.64,55.21,5.70,3
0.11,-1.00,-0.05,-15.26,15.20,-7.02,26.88,55.04,6.88,3
0.12,-1.00,-0.07,-8.12,10.31,-4.52,26.17,55.90,7.32,3
0.12,-1.02,-0.06,-7.20,38.02,7.57,25.79,55.80,6.19,3
0.09,-0.98,-0.04,5.62,43.52,14.28,26.60,55.04,7.96,3
0.15,-1.00,-0.09,-0.37,28.81,-2.01,26.62,54.05,10.38,3
0.13,-1.01,-0.08,-3.91,10.44,-2.08,26.28,54.50,12.81,3
0.15,-1.00,-0.10,-33.08,18.74,-6.90,24.99,55.49,12.89,3
0.12,-1.00,-0.03,5.98,18.62,-1.10,23.95,55.81,11.36,3
0.11,-0.99,-0.01,6.23,2.62,-5.80,23.83,56.02,10.78,3
0.11,-1.01,-0.03,18.01,13.85,-5.98,23.27,56.36,14.40,3
-0.01,-0.98,-0.16,2.81,49.01,7.02,21.91,55.42,16.04,3
0.12,-0.98,-0.12,-1.16,14.04,-10.62,22.01,54.64,16.27,3
0.07,-0.98,-0.15,-3.91,31.98,13.98,20.83,54.39,17.70,3
0.06,-0.96,-0.10,5.98,41.56,16.30,20.17,54.49,19.36,3
0.10,-1.02,-0.09,4.03,33.45,23.80,20.62,53.06,21.69,3
0.20,-0.97,-0.14,3.42,54.63,45.10,21.75,52.43,23.00,3
0.17,-0.96,-0.14,-1.83,33.39,15.20,22.31,51.21,24.28,3
0.22,-1.00,-0.15,-3.23,13.98,-8.12,21.53,50.31,26.64,3
0.19,-0.97,-0.15,-6.04,20.14,-2.14,20.45,51.39,26.03,3
0.17,-0.95,-0.18,4.76,29.24,-9.83,18.52,51.53,26.79,3
0.18,-0.98,-0.18,-10.19,34.12,-1.46,16.38,51.84,28.69,3
0.12,-1.00,-0.15,-7.87,33.33,-1.89,15.86,52.64,27.45,3
0.12,-0.99,-0.16,-2.87,28.32,7.75,13.87,53.21,28.03,3
0.10,-0.99,-0.18,5.31,18.86,-1.16,12.90,52.72,28.78,3
0.12,-0.99,-0.17,1.22,0.67,-0.67,12.49,52.84,29.35,3
0.12,-0.97,-0.19,-3.54,8.00,-3.05,12.16,52.60,28.42,3
0.17,-0.98,-0.16,-12.39,26.06,-0.18,11.44,53.38,30.22,3
0.12,-0.96,-0.20,-1.83,13.43,-7.81,10.07,54.41,28.82,3
0.10,-0.99,-0.17,1.83,24.84,-1.34,8.76,54.66,29.96,3
0.08,-0.95,-0.18,-0.73,33.94,1.71,7.65,54.94,29.33,3
0.12,-1.00,-0.19,-8.24,53.65,-3.72,6.26,54.59,29.66,3
0.06,-0.97,-0.17,1.89,31.37,-0.85,3.02,54.74,31.10,3
0.07,-1.00,-0.16,-1.22,78.19,7.87,1.03,54.55,31.76,3
0.07,-1.00,-0.17,-2.14,10.99,-1.46,-1.29,54.60,31.25,3
0.06,-0.99,-0.16,-1.89,-15.63,0.00,-1.01,54.59,31.08,3
0.05,-0.98,-0.17,-1.34,-9.09,-0.24,-0.35,54.83,30.91,3
0.06,-0.98,-0.17,-2.20,-0.79,-5.37,-1.01,54.70,30.90,3
0.05,-0.97,-0.16,-0.92,-15.99,-0.98,-0.40,54.75,30.92,3
0.06,-0.97,-0.15,-4.46,-44.25,-13.24,0.96,54.86,30.77,3
0.04,-0.98,-0.16,0.31,-31.56,-6.84,2.42,55.15,31.53,3
0.05,-0.98,-0.15,-0.12,-20.45,0.18,3.92,54.37,30.52,3
0.04,-0.99,-0.18,-1.40,-12.94,-0.49,4.35,55.21,30.52,3
0.05,-0.97,-0.16,-1.83,-8.24,-0.98,5.03,55.02,30.71,3
0.07,-0.99,-0.15,-4.21,4.64,4.82,5.15,54.82,31.01,3
0.06,-0.99,-0.15,4.70,-29.91,-10.50,5.16,54.77,29.87,3
0.05,-0.98,-0.19,8.54,-39.61,-12.39,6.80,54.49,30.09,3
0.05,-0.98,-0.18,-2.14,-4.46,-1.04,6.67,54.96,30.09,3
0.04,-0.98,-0.15,-0.98,-9.95,-2.32,7.13,54.74,30.81,3
0.05,-1.02,-0.17,5.19,-9.77,-7.39,7.08,54.90,29.93,3
0.01,-0.99,-0.19,7.87,10.01,-4.58,7.01,54.64,30.35,3
0.04,-0.99,-0.19,9.09,45.17,30.27,6.01,54.02,29.80,3
0.03,-0.98,-0.15,-27.22,41.08,10.68,5.77,53.59,29.74,3
-0.01,-1.00,-0.04,-25.88,48.16,-13.98,1.44,58.17,27.44,3
0.01,-1.00,-0.04,22.46,2.62,-8.12,-0.87,58.59,27.60,3
-0.04,-1.07,-0.05,28.75,-0.98,11.78,-0.56,57.91,27.04,3
0.01,-0.93,-0.14,-0.24,-0.49,11.96,-0.42,57.12,29.28,3
0.02,-0.91,0.01,-50.11,20.75,1.16,0.78,57.50,27.03,3
0.03,-0.97,-0.05,-13.43,17.09,7.39,-0.17,59.70,23.72,3
0.04,-0.96,-0.02,13.37,2.56,12.57,0.33,59.36,24.16,3
0.06,-0.99,-0.07,17.03,14.34,-0.31,0.83,58.20,26.50,3
0.07,-1.01,-0.05,-2.44,-10.99,6.35,1.10,58.20,27.12,3
0.07,-0.95,-0.07,7.51,10.50,-18.37,0.67,58.23,26.49,3
0.03,-0.98,-0.04,-25.57,33.63,-7.81,-0.62,58.25,27.12,3
0.02,-1.03,-0.06,2.56,18.25,-9.64,-2.98,59.31,25.28,3
0.01,-1.00,-0.12,39.79,20.75,-5.00,-3.55,58.11,27.33,3
0.00,-0.98,-0.11,7.63,8.24,4.82,-3.92,56.23,29.35,3
0.00,-1.00,-0.14,-5.25,1.95,0.43,-4.53,56.80,28.11,3
-0.00,-0.99,-0.13,4.70,5.92,0.31,-4.26,57.25,28.88,3
0.01,-0.98,-0.13,-1.10,1.46,5.62,-4.75,57.10,28.86,3
0.01,-1.00,-0.13,-0.73,3.30,1.46,-4.83,56.32,28.55,3
0.02,-1.01,-0.13,-2.62,15.87,-1.28,-4.68,57.17,28.61,3
0.01,-1.00,-0.10,-14.53,22.28,14.16,-5.41,57.17,26.99,3
0.05,-1.01,-0.09,-2.75,7.45,11.11,-5.21,58.26,25.66,3
0.04,-0.99,-0.08,-3.23,3.60,-0.98,-5.85,58.17,25.51,3
0.02,-0.98,-0.09,0.00,2.01,-5.07,-5.32,57.69,25.12,3
0.02,-0.99,-0.09,0.92,1.95,-6.53,-6.19,58.12,25.81,3
-0.01,-0.99,-0.10,-2.14,-8.61,0.49,-6.63,57.79,27.44,3
-0.00,-0.98,-0.09,0.31,-15.69,-11.96,-6.76,57.84,26.12,3
-0.03,-0.97,-0.08,0.49,0.31,-9.64,-7.06,57.62,26.73,3
-0.03,-0.99,-0.08,-3.23,12.51,2.26,-7.51,57.54,26.59,3
-0.02,-1.00,-0.07,-9.22,27.71,8.61,-7.71,57.52,25.95,3
-0.01,-1.00,-0.09,-3.54,23.93,8.24,-8.20,59.00,24.90,3
-0.02,-1.00,-0.04,-11.47,27.22,-9.28,-9.41,59.48,22.86,3
-0.00,-1.00,-0.04,-2.08,29.24,-11.78,-10.96,59.75,23.52,3
-0.02,-0.86,-0.03,1.40,13.67,-2.75,-12.52,59.00,22.45,3
-0.08,-1.00,-0.04,6.35,24.54,11.41,-12.15,58.96,23.54,3
-0.03,-1.03,-0.04,-17.21,45.04,-27.65,-14.03,58.50,22.51,3
-0.00,-0.98,-0.03,-44.01,83.50,-28.93,-16.26,58.52,20.72,3
-0.09,-0.95,0.05,-16.11,56.15,5.19,-20.47,58.75,14.82,3
-0.08,-0.96,0.12,-3.60,28.20,1.95,-20.56,60.16,12.06,3
-0.13,-0.95,0.11,6.90,15.50,-7.75,-21.53,59.97,12.10,3
-0.07,-0.81,0.05,28.81,12.33,13.92,-22.08,59.48,11.85,3
-0.04,-1.01,0.04,4.03,15.75,15.75,-21.09,59.84,13.24,3
-0.07,-0.97,0.10,-13.67,14.40,-21.12,-21.73,59.88,12.82,3
-0.07,-1.01,0.04,-4.33,8.36,-11.72,-23.68,58.69,12.22,3
-0.12,-0.97,0.08,4.58,8.06,0.43,-24.41,58.75,11.51,3
-0.13,-0.96,0.06,4.21,4.58,-6.96,-23.84,58.92,12.83,3
-0.11,-1.03,0.04,6.04,5.86,-0.43,-24.71,58.40,12.07,3
-0.11,-1.04,0.01,-0.73,16.05,-4.88,-24.50,58.56,11.79,3
-0.15,-1.06,0.09,-2.20,8.73,-7.32,-26.04,58.02,10.62,3
-0.14,-1.02,0.07,-9.83,18.19,15.93,-26.45,57.86,10.73,3
-0.09,-0.96,0.07,-11.05,28.02,-0.55,-26.42,59.06,8.13,3
-0.11,-0.99,0.10,6.29,13.43,-12.76,-26.89,58.83,6.04,3
-0.14,-1.01,0.12,-1.95,23.19,-25.63,-27.36,58.31,7.43,3
-0.15,-1.00,0.14,-6.65,12.94,0.37,-29.08,57.18,5.32,3
-0.14,-0.99,0.14,-1.16,1.71,6.96,-28.64,57.76,4.72,3
-0.16,-0.95,0.13,4.27,0.06,0.55,-28.04,58.04,4.08,3
-0.13,-0.98,0.14,0.73,18.98,-0.31,-28.36,58.31,3.67,3
-0.16,-0.98,0.16,-8.85,28.75,-20.26,-28.27,58.39,3.11,3
-0.09,-0.95,0.17,4.70,1.53,1.04,-29.26,57.25,0.68,3
-0.10,-0.98,0.16,-2.08,11.11,13.61,-28.70,57.54,1.05,3
-0.09,-0.98,0.18,1.28,3.66,10.25,-28.27,58.20,2.60,3
-0.10,-0.97,0.16,5.68,-5.68,2.44,-27.27,58.34,-0.77,3
-0.08,-0.99,0.16,5.86,-24.17,11.84,-27.34,58.35,0.56,3
-0.10,-0.99,0.14,4.09,-16.91,8.91,-26.50,59.18,2.26,3
-0.08,-0.99,0.14,0.43,-5.43,0.79,-26.37,59.33,2.95,3
-0.07,-0.99,0.13,1.10,-9.89,5.43,-25.21,59.16,2.39,3
-0.06,-0.99,0.13,0.24,-11.60,6.04,-24.37,59.17,3.48,3
-0.04,-1.00,0.12,-2.20,-5.25,4.15,-23.79,59.95,3.25,3
-0.03,-0.98,0.13,0.37,-2.99,-1.04,-24.00,59.74,5.18,3
-0.04,-0.99,0.12,-0.31,-7.81,0.37,-24.72,59.73,3.77,3
-0.04,-1.01,0.13,-0.24,-1.95,1.22,-24.17,60.01,4.69,3
-0.05,-0.99,0.13,0.31,-3.60,0.43,-23.36,59.09,4.44,3
-0.05,-0.97,0.12,-1.34,-6.90,7.69,-23.44,59.22,6.04,3
-0.04,-0.99,0.12,0.55,-12.21,5.07,-22.61,59.78,4.87,3
-0.03,-0.99,0.12,1.89,-10.68,0.73,-22.33,60.33,6.79,3
-0.03,-0.98,0.11,0.24,-7.45,1.22,-22.40,60.66,6.14,3
-0.03,-0.99,0.11,0.12,-2.81,0.79,-22.22,59.96,6.62,3
-0.03,-1.00,0.12,0.37,-7.32,2.01,-21.86,60.41,6.46,3
-0.01,-0.99,0.12,1.04,-9.70,3.72,-21.52,60.61,6.36,3
-0.04,-0.99,0.10,-2.75,-16.91,8.79,-21.47,60.72,7.62,3
-0.00,-0.98,0.12,0.12,-13.73,0.92,-20.31,60.75,8.90,3
-0.01,-1.00,0.11,1.28,-10.13,-1.71,-20.03,61.28,9.39,3
-0.02,-1.01,0.11,2.08,-9.77,-3.48,-20.40,60.97,8.45,3
-0.03,-0.97,0.10,-0.73,-2.87,2.20,-21.04,60.79,10.03,3
-0.01,-0.99,0.11,-0.61,-3.48,2.14,-20.00,60.83,9.86,3
-0.02,-0.98,0.11,0.12,-8.91,-0.49,-20.65,60.72,9.08,3
-0.01,-1.00,0.11,1.83,-11.66,1.65,-20.35,61.07,9.57,3
-0.03,-0.99,0.10,5.37,-13.98,1.04,-20.17,60.72,10.60,3
-0.02,-1.00,0.08,0.55,-17.40,1.40,-20.26,60.39,10.66,3
-0.03,-1.00,0.07,5.43,-21.06,-0.85,-19.76,61.04,11.60,3
-0.05,-0.97,0.08,6.53,-20.08,-2.93,-19.74,60.88,12.39,3
-0.02,-1.00,0.11,-0.55,-27.65,-2.87,-19.62,60.84,13.71,3
-0.03,-1.00,0.07,-5.07,-9.22,3.54,-18.82,60.69,14.51,3
-0.04,-0.99,0.08,0.37,-8.12,0.92,-18.85,60.74,15.01,3
-0.03,-1.00,0.07,7.39,-14.77,1.40,-17.50,60.99,15.60,3
-0.04,-0.99,0.07,2.93,-17.70,-0.79,-17.14,60.71,15.77,3
-0.02,-1.00,0.06,1.34,-9.95,-1.16,-17.44,60.91,17.88,3
-0.02,-1.01,0.05,2.50,-10.44,-2.32,-17.55,60.75,16.85,3
-0.05,-0.99,0.05,-3.05,-13.67,0.12,-17.07,60.12,16.94,3
-0.02,-1.00,0.06,4.27,-3.11,0.79,-16.61,60.12,18.02,3
-0.02,-0.97,0.04,7.39,-9.95,-1.59,-16.48,60.53,17.11,3
-0.04,-0.99,0.03,10.44,-20.08,0.18,-16.52,60.62,17.40,3
-0.03,-0.99,0.02,13.73,-25.09,2.20,-16.16,59.78,20.46,3
-0.03,-0.99,-0.01,-13.43,-16.24,-3.48,-15.48,59.91,22.18,3
-0.05,-1.00,0.01,-29.60,6.29,-4.70,-15.34,60.67,20.86,3
-0.05,-1.00,0.03,-4.27,-2.56,4.52,-16.03,60.79,18.04,3
-0.05,-1.00,0.03,0.00,-7.57,-3.72,-15.63,60.49,19.01,3
-0.05,-1.00,0.04,-3.97,-14.47,8.73,-15.31,60.47,18.14,3
-0.06,-0.97,0.04,27.77,-3.60,11.84,-14.48,60.90,20.31,3
-0.02,-0.98,-0.01,30.82,5.92,5.07,-14.36,59.56,22.85,3
-0.02,-0.99,-0.07,19.23,11.90,0.73,-14.93,59.24,23.24,3
-0.05,-1.01,-0.12,21.79,4.09,-8.54,-15.19,58.50,24.99,3
-0.06,-0.99,-0.16,23.68,12.33,-10.13,-16.20,56.68,27.34,3
-0.07,-0.98,-0.18,6.96,14.04,-4.27,-17.26,56.01,28.28,3
-0.08,-0.99,-0.19,4.39,6.90,-1.10,-18.23,55.87,28.10,3
-0.07,-0.99,-0.19,2.75,11.23,-4.39,-18.44,54.91,28.00,3
-0.10,-0.98,-0.20,-0.49,4.03,-0.92,-18.99,54.06,26.43,3
-0.10,-0.99,-0.20,-0.73,3.54,-3.97,-19.37,54.79,27.59,3
-0.11,-1.00,-0.14,-37.41,20.20,-5.37,-19.68,54.75,27.22,3
-0.13,-1.00,-0.08,-63.23,30.76,7.39,-21.29,57.23,23.11,3
-0.12,-0.97,-0.01,-15.14,14.10,3.60,-20.67,58.41,18.12,3
-0.07,-0.98,0.02,4.82,17.15,4.88,-21.04,58.35,18.35,3
-0.10,-1.00,0.03,0.85,26.92,4.27,-21.23,58.92,17.07,3
-0.08,-1.00,0.03,-5.49,21.48,-0.55,-21.29,59.14,16.50,3
-0.06,-1.00,0.03,-0.37,17.82,0.67,-21.70,58.48,15.01,3
-0.10,-1.02,0.05,4.82,18.62,-0.85,-21.24,59.08,14.93,3
-0.13,-0.98,-0.02,25.02,60.55,-18.37,-22.24,59.83,14.33,3
-0.09,-1.01,0.01,0.43,68.42,-24.41,-24.55,58.09,13.32,3
-0.09,-1.05,0.06,-7.75,39.67,27.71,-26.00,57.67,10.02,3
-0.04,-0.97,-0.00,-4.52,23.74,14.83,-23.88,59.36,9.63,3
-0.06,-0.96,0.00,9.70,16.78,-6.29,-24.98,59.02,9.53,3
-0.10,-0.97,-0.03,6.41,20.81,8.97,-25.56,59.47,7.26,3
-0.02,-0.96,-0.01,-24.05,48.34,-35.28,-25.59,58.73,6.24,3
-0.07,-0.92,0.06,-21.91,45.29,-0.12,-27.77,57.59,3.12,3
-0.13,-1.01,0.09,-11.84,34.18,-2.75,-27.26,57.08,-0.55,3
-0.12,-1.03,0.00,4.70,55.79,11.17,-27.73,57.62,-1.21,3
-0.02,-1.03,-0.07,-1.95,60.24,1.46,-25.61,57.73,-4.71,3
-0.07,-0.97,0.14,-21.67,37.41,-4.76,-24.85,57.28,-8.51,3
-0.07,-1.04,0.11,6.35,23.38,-7.57,-24.58,55.63,-10.31,3
-0.05,-0.98,0.13,13.73,83.62,-0.06,-24.34,55.74,-10.78,3
-0.02,-0.96,0.12,19.04,114.50,-1.65,-21.26,55.99,-15.17,3
-0.02,-0.96,0.14,-8.61,36.07,-4.70,-17.42,56.12,-16.24,3
-0.04,-0.99,0.13,-4.09,29.97,-13.18,-16.86,54.81,-18.60,3
-0.08,-0.95,0.14,-4.27,21.36,-5.98,-15.97,54.82,-19.36,3
-0.03,-0.91,0.11,-5.86,16.30,0.79,-15.83,54.59,-20.94,3
-0.06,-1.00,0.14,-4.09,31.80,-12.76,-15.41,54.53,-20.32,3
-0.05,-0.96,0.12,-2.87,50.84,-18.92,-13.95,53.25,-22.79,3
-0.09,-0.99,0.17,-0.55,34.12,-11.96,-13.26,53.66,-22.53,3
-0.09,-0.97,0.15,-2.14,27.77,-4.82,-12.99,53.60,-22.92,3
-0.13,-1.10,0.22,13.79,16.66,-8.73,-11.38,52.65,-23.44,3
-0.12,-0.99,0.13,-1.22,8.97,2.62,-11.54,53.56,-22.01,3
-0.08,-0.99,0.15,5.13,20.26,-4.09,-10.99,53.10,-23.78,3
-0.09,-0.97,0.14,5.19,15.32,-0.24,-10.10,53.72,-23.83,3
-0.08,-1.01,0.13,0.12,45.65,19.10,-8.46,53.92,-22.75,3
-0.05,-0.98,0.12,5.92,21.97,6.65,-4.96,54.04,-23.63,3
-0.04,-0.99,0.11,5.86,11.54,-0.12,-4.27,54.36,-22.29,3
-0.03,-0.99,0.12,1.10,5.25,-0.92,-3.77,54.85,-22.30,3
-0.04,-0.98,0.12,5.74,0.55,-1.16,-3.75,55.02,-22.60,3
-0.03,-1.00,0.10,-5.55,18.37,1.46,-3.28,54.85,-22.61,3
-0.03,-0.97,0.12,4.09,18.55,-6.04,-2.73,54.68,-22.84,3
-0.02,-1.00,0.12,-0.55,14.28,-2.44,-2.08,55.02,-21.97,3
-0.04,-0.98,0.12,-7.87,5.43,2.38,-1.33,54.87,-23.41,3
-0.02,-1.00,0.14,-4.58,16.24,-7.51,-0.76,53.92,-23.36,3
-0.06,-1.00,0.10,3.91,1.34,-16.42,-0.40,54.10,-23.57,3
-0.06,-0.99,0.10,5.80,-1.59,-1.46,-1.25,55.46,-22.09,3
-0.09,-0.98,0.05,10.31,-4.09,-0.85,-1.66,54.82,-22.01,3
-0.08,-0.99,0.09,0.85,-4.09,2.14,-1.73,55.73,-21.83,3
-0.04,-0.99,0.09,-2.56,13.06,6.04,-1.95,55.88,-21.96,3
-0.06,-1.01,0.12,-13.06,4.27,1.34,-0.32,54.68,-22.14,3
-0.05,-0.97,0.14,-14.71,12.63,-6.10,-0.62,54.44,-22.90,3
-0.06,-1.00,0.15,-10.38,24.11,2.38,-0.34,53.49,-23.06,3
-0.03,-1.01,0.15,-1.46,15.38,7.02,1.44,53.00,-23.68,3
-0.03,-0.98,0.16,4.58,-12.39,1.40,2.89,53.28,-24.33,3
-0.05,-0.99,0.15,7.45,4.52,-7.08,1.89,53.91,-24.11,3
-0.04,-0.99,0.14,0.85,16.24,4.03,2.22,53.87,-24.24,3
-0.01,-1.01,0.15,0.24,19.78,2.93,3.11,53.11,-23.71,3
-0.02,-1.01,0.14,6.84,6.41,-3.54,3.94,53.71,-24.60,3
-0.04,-0.98,0.12,5.13,-3.60,-5.43,4.50,53.98,-22.44,3
-0.03,-0.98,0.12,4.64,23.44,-3.11,3.42,54.28,-22.39,3
-0.03,-1.00,0.08,5.98,41.08,-4.27,5.74,54.53,-21.37,3
-0.02,-1.00,0.09,0.49,4.88,-1.65,7.45,54.64,-21.73,3
-0.03,-0.99,0.10,4.15,-1.95,-1.59,7.12,54.81,-20.06,3
-0.03,-0.97,0.10,-7.32,-7.75,0.43,6.93,55.29,-19.79,3
-0.03,-0.99,0.10,-0.73,7.69,2.62,7.09,54.97,-21.11,3
-0.03,-0.99,0.10,0.18,12.39,1.34,7.93,54.15,-20.69,3
-0.01,-1.01,0.11,-0.43,7.63,-5.07,7.87,54.22,-20.39,3
-0.03,-0.98,0.10,3.78,18.68,2.32,8.47,54.39,-20.85,3
0.00,-1.00,0.09,3.91,21.97,-2.81,9.59,54.05,-20.12,3
0.01,-1.00,0.08,7.14,9.03,8.67,10.61,54.52,-19.82,3
0.09,-1.00,0.08,-6.59,10.68,-0.61,11.66,55.04,-18.84,3
0.00,-0.96,0.09,-8.18,10.19,1.10,11.32,55.20,-18.77,3
-0.02,-1.00,0.11,-3.05,2.08,-5.49,12.35,54.75,-21.20,3
-0.03,-1.04,0.14,-4.39,14.83,-0.98,12.61,54.36,-20.08,3
0.01,-0.99,0.06,4.76,13.43,-0.67,13.84,54.21,-19.13,3
0.00,-0.96,0.07,18.13,14.16,-8.12,13.61,54.61,-18.16,3
0.02,-1.01,0.05,13.24,4.03,7.45,13.33,55.03,-16.42,3
0.02,-1.01,0.01,14.34,-5.74,1.71,14.15,55.08,-15.69,3
0.02,-1.00,-0.01,-13.49,0.92,-4.27,13.54,55.44,-16.36,3
0.01,-1.02,0.06,-17.58,16.48,-11.17,13.68,55.96,-16.98,3
-0.01,-0.99,0.08,-4.46,23.99,-2.08,13.64,55.18,-16.13,3
-0.01,-0.99,0.07,0.31,-3.17,4.39,13.87,55.30,-15.01,3
-0.00,-0.99,0.08,-3.17,-6.71,-2.69,14.21,55.33,-15.75,3
-0.03,-0.97,0.10,-23.68,2.08,0.61,14.27,55.25,-16.54,3
-0.01,-0.97,0.11,-0.37,21.00,12.63,14.65,54.65,-17.37,3
0.04,-1.00,0.14,-3.05,40.59,7.93,16.11,54.55,-17.11,3
0.03,-1.00,0.10,5.98,30.15,-5.55,18.09,53.81,-15.01,3
0.04,-0.99,0.12,2.32,24.23,1.95,18.98,54.36,-13.59,3
0.05,-0.99,0.09,5.13,16.66,-9.64,19.20,54.54,-12.35,3
0.03,-1.00,0.08,6.41,21.91,-3.78,19.76,54.81,-12.13,3
0.04,-0.99,0.08,-2.44,17.27,-2.44,20.17,55.24,-10.14,3
0.02,-0.97,0.06,1.22,-2.32,5.13,20.10,55.25,-9.45,3
0.04,-0.99,0.08,0.98,-2.99,-4.76,20.43,54.86,-9.99,3
0.04,-0.96,0.09,0.06,-18.74,-5.55,20.06,55.25,-10.77,3
0.03,-0.99,0.07,3.48,-21.91,-0.49,19.31,54.87,-11.80,3
0.01,-1.01,0.06,2.08,-21.91,0.67,18.64,55.64,-12.24,3
0.02,-1.00,0.06,1.46,-19.17,8.85,18.71,55.20,-12.32,3
0.05,-1.00,0.07,-2.62,-19.35,9.58,18.86,55.03,-12.65,3
0.05,-1.00,0.06,2.14,-2.93,0.98,18.97,54.42,-13.89,3
0.04,-0.99,0.05,-0.31,16.97,-6.47,19.26,55.68,-12.00,3
0.02,-0.99,0.05,3.30,24.72,-23.80,18.54,55.47,-12.44,3
-0.00,-0.99,0.05,3.05,12.21,-8.85,17.57,56.26,-12.40,3
0.00,-1.00,0.05,3.66,6.71,-4.70,17.44,57.28,-11.11,3
-0.01,-1.02,0.04,3.17,17.21,-4.58,17.42,57.08,-9.99,3
-0.03,-1.00,0.03,0.92,15.26,1.46,18.05,57.03,-10.19,3
-0.02,-0.99,0.03,-1.40,20.32,4.27,19.07,56.88,-10.03,3
0.02,-0.99,0.03,11.66,26.31,-12.63,19.65,56.99,-7.01,3
-0.02,-1.00,0.02,1.16,32.71,1.83,19.17,57.91,-5.54,3
0.06,-1.02,0.03,-11.23,36.87,1.28,18.48,58.70,-5.10,3
-0.02,-0.98,0.03,1.28,14.40,-2.32,20.63,57.62,-5.77,3
-0.04,-1.00,0.04,1.89,15.20,-8.24,19.89,57.64,-3.38,3
0.03,-1.00,0.02,9.22,36.07,0.61,20.51,58.13,-1.65,3
0.03,-1.02,0.01,4.58,40.65,-1.16,20.61,58.06,-1.03,3
-0.01,-0.93,0.02,0.31,-12.15,-29.91,20.92,58.17,1.17,3
-0.11,-1.00,-0.05,0.24,-41.99,-11.47,18.57,59.18,-0.39,3
-0.10,-1.00,-0.00,-3.66,5.55,3.97,17.66,59.14,-1.43,3
-0.07,-0.97,-0.00,-8.24,16.17,10.25,17.77,59.70,-1.28,3
-0.04,-0.99,-0.01,3.36,30.88,26.61,19.86,58.94,-0.16,3
0.05,-0.97,0.00,14.28,53.47,18.74,21.00,58.17,2.33,3
-0.01,-1.03,-0.04,16.85,40.77,8.30,23.91,57.02,5.86,3
0.09,-1.00,-0.04,-20.63,-15.87,-12.45,23.13,57.13,5.91,3
0.07,-1.00,-0.00,-12.57,-44.19,0.73,22.77,57.29,3.38,3
0.06,-1.00,-0.01,2.87,-22.77,35.03,23.25,56.46,0.68,3
0.04,-1.00,-0.03,3.66,13.00,10.68,26.82,54.55,0.79,3
0.13,-0.98,-0.00,-16.72,36.68,-17.94,26.64,54.77,0.81,3
0.08,-0.96,0.03,-22.16,6.29,-9.77,25.46,55.15,0.39,3
0.09,-0.98,0.02,9.52,9.89,-6.23,25.33,55.94,1.95,3
0.10,-1.01,0.00,12.27,7.02,4.88,24.62,56.03,3.02,3
0.05,-1.07,-0.03,-3.23,38.45,10.38,25.78,55.63,4.10,3
0.11,-1.00,-0.01,-3.85,21.12,-13.73,25.18,55.88,4.27,3
0.07,-1.01,-0.03,9.89,29.54,4.33,24.71,55.65,6.10,3
0.06,-0.99,-0.08,4.82,48.77,7.87,24.67,56.10,8.90,3
0.03,-0.99,-0.07,-1.04,22.95,0.00,24.11,55.31,9.14,3
0.06,-0.97,-0.04,-15.50,46.26,-20.57,22.35,56.41,10.00,3
0.06,-0.97,-0.07,21.48,-12.94,2.38,21.11,56.67,10.39,3
0.02,-1.01,-0.04,-2.87,20.69,8.48,22.19,56.36,12.01,3
0.05,-1.05,-0.09,1.71,66.71,8.97,21.36,56.02,13.75,3
0.08,-0.99,-0.07,-2.93,41.44,8.36,21.39,56.31,14.59,3
0.08,-0.99,-0.08,7.93,14.71,13.00,22.46,55.64,16.33,3
0.10,-0.97,-0.12,1.34,-33.94,-6.65,22.05,55.30,17.92,3
0.10,-0.99,-0.04,24.90,-100.89,-14.77,22.96,55.43,16.09,3
0.08,-0.98,-0.10,8.18,-33.20,14.22,24.08,54.91,12.61,3
0.11,-0.99,-0.11,2.01,-31.68,5.13,25.42,54.27,12.54,3
0.11,-1.00,-0.10,-0.73,4.46,1.28,26.14,54.44,12.77,3
0.12,-0.99,-0.12,-3.72,20.63,-3.72,26.04,54.24,13.38,3
0.10,-0.98,-0.10,0.31,16.30,-1.59,24.77,54.88,13.59,3
0.08,-1.00,-0.14,-3.23,60.85,-11.90,24.65,54.55,14.55,3
0.06,-0.97,-0.14,-5.74,25.76,-16.72,22.45,55.46,16.96,3
0.04,-1.00,-0.12,-2.81,-5.80,-13.37,20.42,55.65,16.03,3
0.02,-0.99,-0.11,0.06,-2.14,-5.13,20.46,56.23,16.46,3
0.03,-1.00,-0.12,-0.55,-4.52,-2.01,20.08,56.52,15.81,3
0.03,-0.99,-0.13,5.80,-12.76,17.88,20.84,56.16,16.71,3
0.09,-1.00,-0.12,-0.24,-18.31,30.21,22.90,55.42,16.04,3
0.11,-0.98,-0.10,-4.09,-16.05,26.25,24.95,54.10,14.83,3
0.14,-0.98,-0.10,1.16,7.26,6.77,26.61,53.52,14.90,3
0.17,-0.99,-0.14,4.76,24.05,-3.48,26.39,52.97,16.61,3
0.14,-0.97,-0.12,6.29,30.03,1.34,26.07,52.77,18.86,3
0.15,-0.97,-0.17,7.14,35.22,0.79,25.45,52.34,17.99,3
0.13,-0.97,-0.20,-0.43,21.42,1.65,24.52,52.05,20.72,3
0.14,-0.98,-0.18,-18.62,-1.46,-7.93,23.32,52.06,20.73,3
0.13,-1.01,-0.14,-15.75,-24.23,-8.42,23.58,53.72,20.83,3
0.16,-0.97,-0.14,13.79,-67.69,1.89,23.52,53.96,18.31,3
0.13,-0.97,-0.11,5.49,-66.47,15.14,25.83,53.93,15.80,3
0.15,-0.99,-0.13,-4.09,-60.85,-2.32,27.53,52.59,12.92,3
0.18,-1.00,-0.04,-5.31,-58.17,0.43,28.85,52.82,10.31,3
0.13,-1.00,-0.02,-10.86,-13.24,-0.85,29.64,52.98,8.37,3
0.19,-0.97,-0.02,-3.85,-32.47,-4.21,28.64,53.03,5.35,3
0.17,-0.98,-0.03,1.46,-52.25,-2.87,28.58,52.93,2.81,3
0.16,-0.94,-0.06,11.23,-56.21,0.61,28.87,53.10,1.92,3
0.16,-1.08,0.01,-24.23,-14.65,1.46,28.33,53.26,-0.39,3
0.16,-0.94,-0.01,12.08,-31.07,-18.80,28.54,52.54,-2.32,3
0.17,-1.01,-0.01,22.83,-87.77,-23.99,25.50,54.81,-2.69,3
0.11,-1.03,-0.03,6.04,-39.06,9.22,25.07,54.66,-5.19,3
0.15,-0.99,-0.04,-4.58,-36.01,20.63,26.03,54.02,-6.68,3
0.22,-0.96,-0.03,-0.12,-31.68,0.79,25.78,53.44,-8.78,3
0.16,-0.98,0.01,-4.09,-47.24,-4.70,24.46,53.03,-11.10,3
0.02,-1.02,0.02,8.06,-103.70,-21.97,21.14,53.63,-15.32,3
0.05,-0.98,0.07,11.78,-82.58,-17.82,18.65,54.26,-17.58,3
0.08,-1.01,-0.01,7.02,-31.74,7.51,15.52,55.85,-17.44,3
0.17,-1.02,0.04,0.61,-12.27,15.44,15.58,55.82,-17.27,3
0.16,-0.97,0.02,3.48,-28.32,6.29,15.84,54.93,-19.09,3
0.07,-1.00,0.04,9.70,-72.81,-8.67,13.99,55.53,-19.08,3
0.09,-0.97,-0.02,2.56,-28.32,-1.16,10.74,55.74,-19.30,3
0.10,-1.00,0.00,5.13,-16.72,2.08,9.90,55.82,-20.19,3
0.09,-1.08,0.03,-9.16,-32.23,17.58,9.36,55.27,-20.75,3
0.16,-0.98,0.13,3.54,-18.86,7.75,8.95,54.49,-21.92,3
0.19,-1.05,0.11,3.91,-40.77,-7.45,7.97,55.48,-21.11,3
0.15,-1.01,0.02,-2.81,-7.08,-2.38,6.88,55.22,-22.67,3
0.16,-0.93,-0.01,29.60,-16.24,-10.25,5.04,56.59,-21.26,3
0.12,-1.01,0.01,-14.71,-14.16,13.98,5.10,57.43,-19.42,3
0.25,-0.96,0.06,-36.68,-18.19,26.79,6.51,56.69,-22.02,3
0.17,-1.00,0.06,-0.18,-12.02,-11.41,5.94,54.43,-22.85,3
0.20,-1.01,0.03,0.61,-13.12,-12.88,3.71,55.15,-23.94,3
0.24,-0.99,0.00,11.84,-5.37,27.10,3.54,54.86,-24.55,3
0.21,-0.93,0.06,-13.18,-54.69,0.61,2.99,55.65,-22.96,3
0.14,-0.95,0.13,-24.11,-72.20,-26.18,-1.10,55.62,-23.95,3
0.06,-0.95,0.15,-5.68,-23.86,1.95,-5.59,54.63,-24.73,3
0.11,-1.04,0.16,11.54,4.46,17.64,-5.81,54.97,-23.07,3
0.20,-0.97,0.18,8.91,6.23,2.75,-3.97,55.18,-23.93,3
0.20,-0.95,0.15,2.08,-23.13,8.00,-4.33,55.76,-23.22,3
0.18,-0.97,0.09,-12.57,-38.94,5.19,-6.15,56.12,-24.65,3
0.10,-1.02,0.05,15.75,-31.01,-4.52,-7.52,56.71,-23.22,3
0.17,-0.98,0.14,16.97,5.62,-9.52,-9.02,57.10,-21.83,3
0.10,-1.01,0.08,-6.10,-12.94,1.22,-10.49,58.33,-19.60,3
0.06,-0.91,0.09,-23.19,4.70,-10.38,-9.90,58.24,-19.07,3
0.06,-0.96,0.12,-10.86,5.74,-21.73,-10.73,58.26,-20.39,3
0.06,-1.07,0.20,39.73,41.44,-9.28,-11.18,58.87,-18.81,3
0.11,-1.03,0.10,38.51,5.43,12.15,-9.16,60.84,-14.67,3
-0.06,-0.88,0.08,-1.71,-12.39,5.62,-6.47,61.83,-12.38,3
0.05,-1.00,0.09,12.08,1.10,-20.20,-8.06,61.58,-10.06,3
-0.04,-1.06,0.04,-15.50,14.71,-25.76,-8.59,61.21,-10.86,3
-0.02,-0.90,0.09,-35.34,24.29,-19.71,-10.01,60.25,-11.54,3
-0.02,-0.98,0.10,-6.29,3.97,3.91,-9.70,58.54,-15.71,3
-0.06,-1.00,0.14,-5.25,-7.26,11.72,-8.42,58.98,-13.81,3
-0.06,-1.10,0.11,2.81,-5.13,-12.02,-8.29,58.61,-14.90,3
-0.06,-0.98,0.14,-5.13,-5.13,-7.57,-9.28,58.54,-14.37,3
-0.10,-0.95,0.14,-24.29,-12.76,-3.48,-8.96,58.35,-16.92,3
-0.11,-0.97,0.20,-11.96,-10.31,8.00,-9.14,56.88,-16.77,3
-0.12,-0.98,0.19,-0.61,-2.56,6.10,-8.98,57.58,-14.79,3
-0.11,-0.95,0.10,11.60,30.52,13.24,-9.07,57.46,-17.31,3
-0.01,-1.02,0.08,8.06,2.01,14.65,-7.60,57.59,-16.46,3
-0.10,-1.00,0.07,2.14,-1.22,-3.91,-8.90,57.42,-16.00,3
-0.08,-1.04,0.06,-4.58,14.89,12.82,-7.52,57.12,-17.35,3
0.08,-0.99,0.12,6.77,21.18,-12.39,-6.77,57.01,-18.14,3
-0.01,-0.95,0.11,1.53,40.83,-26.79,-7.18,56.76,-17.76,3
-0.02,-0.94,0.16,-3.54,49.13,-7.26,-7.20,56.80,-18.68,3
-0.02,-0.96,0.15,-20.14,43.64,11.54,-5.47,55.93,-19.26,3
-0.04,-0.97,0.14,-6.04,3.48,20.75,-3.59,55.05,-21.94,3
-0.05,-1.00,0.15,5.86,1.46,8.97,-1.34,54.83,-21.86,3
0.04,-1.00,0.18,0.49,-3.66,-0.43,-1.05,54.31,-22.53,3
-0.03,-0.98,0.08,-14.47,-3.36,-2.38,-1.44,53.31,-23.08,3
0.00,-1.03,0.21,2.87,-8.36,-15.69,-2.93,53.28,-23.33,3
-0.03,-0.89,0.16,10.19,8.24,-6.16,-2.66,52.73,-24.55,3
-0.05,-1.00,0.10,-6.35,-4.52,11.90,-3.33,52.84,-22.97,3
-0.03,-1.03,0.06,4.27,-0.49,1.22,-2.91,52.28,-22.63,3
-0.04,-0.97,0.04,-0.79,-3.23,3.42,-2.86,52.19,-22.46,3
0.00,-0.98,0.14,0.49,-2.56,-0.79,-3.37,52.43,-24.15,3
0.11,-0.93,0.10,12.08,-9.89,-0.55,-3.75,52.77,-21.89,3
0.01,-0.93,0.05,17.94,-34.73,-21.30,-6.15,53.76,-22.80,3
-0.18,-1.05,0.08,2.50,-22.52,-12.15,-8.14,54.25,-20.94,3
-0.23,-1.05,-0.08,5.19,5.13,2.32,-11.11,55.03,-19.98,3
-0.14,-1.01,0.10,3.85,11.05,9.40,-10.93,56.42,-19.59,3
-0.12,-1.00,0.12,4.94,-1.16,-4.46,-10.57,57.04,-19.29,3
-0.11,-0.96,0.09,-24.48,11.23,18.98,-10.27,57.26,-21.39,3
-0.06,-0.99,0.16,-27.89,19.65,25.63,-8.04,56.95,-22.44,3
0.08,-0.84,0.17,5.00,26.92,13.98,-5.20,56.15,-23.89,3
-0.09,-0.97,0.07,1.40,14.10,-9.95,-3.27,55.62,-23.79,3
-0.07,-1.05,0.18,-42.97,11.17,-3.91,-4.97,56.37,-24.57,3
-0.08,-1.00,0.12,-16.30,67.08,-6.41,-3.99,54.35,-25.70,3
0.05,-0.97,0.17,-4.82,49.38,25.51,1.26,53.43,-26.05,3
0.08,-0.90,0.20,0.43,25.33,12.94,5.16,53.25,-26.98,3
0.14,-1.00,0.15,-52.67,17.03,-38.21,5.68,53.98,-24.66,3
0.14,-0.86,0.27,12.21,43.21,-34.73,5.30,54.65,-23.58,3
-0.20,-0.90,0.17,-29.72,76.23,-35.83,5.09,53.54,-24.29,3
-0.03,-0.95,0.31,2.32,90.94,0.24,8.54,53.15,-23.24,3
0.21,-1.05,0.35,21.73,73.61,-6.96,11.11,54.37,-20.10,3
0.17,-0.97,0.29,-0.18,62.62,24.05,14.93,54.61,-17.21,3
0.19,-0.95,0.28,-2.14,32.10,18.62,18.68,53.54,-15.37,3
0.22,-0.95,0.26,7.45,8.30,3.78,21.46,53.52,-13.92,3
0.23,-0.97,0.21,19.59,7.45,-18.98,21.62,53.33,-11.50,3
0.12,-0.96,0.13,14.77,6.41,-23.19,21.85,54.63,-10.66,3
0.12,-0.89,0.10,9.16,15.14,3.36,21.01,55.46,-10.86,3
0.01,-1.03,-0.01,38.02,47.85,-27.59,20.98,56.18,-7.46,3
0.07,-1.13,0.01,-5.49,18.43,0.61,21.09,57.52,-5.44,3
0.12,-0.91,0.04,-7.63,21.06,-11.60,21.15,56.82,-4.05,3
0.06,-0.95,0.07,5.55,-12.88,-10.19,20.31,56.92,-4.33,3
0.13,-0.97,0.07,-6.29,-42.05,0.61,20.51,56.75,-5.33,3
-0.03,-1.04,0.05,-19.04,-65.31,6.96,19.10,56.35,-8.73,3
0.01,-1.00,0.12,7.45,-74.95,-37.35,17.70,56.52,-9.88,3
-0.09,-1.01,0.06,-0.79,-37.35,-3.11,14.14,57.71,-12.90,3
-0.03,-0.89,0.06,12.51,-34.91,-27.10,13.20,58.50,-13.06,3
-0.13,-0.98,0.04,0.92,-6.96,6.10,9.90,58.97,-13.00,3
-0.06,-0.97,-0.01,5.49,-25.27,15.63,10.69,58.30,-14.06,3
-0.05,-1.02,-0.00,-5.31,-15.69,4.52,10.86,58.74,-12.96,3
-0.07,-0.99,-0.02,-1.34,-14.77,2.93,11.02,57.69,-13.83,3
-0.03,-1.02,-0.04,-5.31,-22.22,10.01,10.11,58.70,-15.95,3
-0.04,-1.00,-0.02,-2.93,-17.88,2.62,10.42,57.98,-15.15,3
0.05,-1.02,-0.00,5.31,-0.79,-3.60,9.22,58.04,-14.92,3
0.01,-0.99,0.02,-7.32,4.39,5.43,9.48,58.18,-15.12,3
-0.03,-1.00,0.06,-16.17,13.43,16.97,10.90,56.97,-16.76,3
-0.10,-1.03,0.05,4.76,22.22,10.68,11.12,56.42,-16.94,3
-0.04,-0.97,0.02,9.34,37.72,7.93,12.70,55.88,-16.38,3
-0.00,-1.00,-0.01,10.01,38.88,10.93,14.67,56.63,-13.26,3
0.07,-0.99,0.00,1.83,32.84,4.09,16.61,56.43,-11.83,3
0.07,-1.00,-0.01,-11.23,26.37,13.79,17.42,56.48,-11.63,3
0.09,-0.97,-0.01,-0.67,46.08,1.16,18.81,55.97,-11.46,3
0.20,-0.95,0.10,-8.18,41.93,11.47,20.56,56.53,-10.13,3
0.20,-0.99,0.05,-0.12,10.31,9.34,22.02,56.46,-10.46,3
0.10,-1.06,0.01,-21.97,-0.49,16.48,23.60,55.86,-11.18,3
0.13,-0.96,0.08,-5.62,-15.01,0.73,23.97,54.31,-12.04,3
0.14,-1.00,0.09,-12.57,-38.02,-12.08,23.28,53.69,-12.84,3
0.08,-0.96,0.10,-2.14,-41.08,-16.60,21.25,54.04,-16.04,3
0.03,-0.99,0.09,1.77,-18.49,-15.01,19.13,54.21,-17.30,3
0.08,-0.96,0.06,23.68,11.72,17.15,18.88,54.38,-15.88,3
0.05,-1.07,0.06,-4.21,-13.67,-8.54,19.27,53.96,-14.25,3
0.09,-0.99,0.07,2.01,-5.19,3.91,18.77,53.82,-17.31,3
0.08,-0.99,0.08,3.91,3.85,-1.34,18.98,53.87,-14.78,3
0.07,-0.98,0.07,1.16,-1.34,-0.85,18.91,53.63,-15.59,3
0.07,-1.00,0.04,-1.28,28.08,1.77,18.79,53.85,-15.31,3
0.06,-0.96,0.04,1.83,36.93,3.11,20.83,53.64,-13.11,3
0.08,-0.97,0.04,4.46,9.16,10.19,22.51,52.86,-12.22,3
0.09,-1.04,0.05,-7.63,5.13,-4.94,23.43,52.45,-11.04,3
0.11,-1.04,0.08,-23.25,9.28,-5.37,22.02,52.94,-11.68,3
0.07,-0.99,0.09,-17.21,34.97,12.82,22.50,52.33,-13.38,3
0.06,-0.97,0.09,-9.52,45.35,5.00,25.50,50.50,-11.50,3
0.07,-0.98,0.11,-10.31,25.15,-24.17,25.78,50.21,-11.51,3
0.09,-1.00,0.12,1.77,22.89,-6.23,24.26,51.84,-10.03,3
-0.01,-1.00,0.11,0.49,43.46,-7.87,24.78,51.81,-8.96,3
0.08,-0.95,0.11,-4.03,65.12,-1.83,25.42,52.70,-5.75,3
0.18,-0.99,0.09,-7.93,27.40,7.39,25.59,53.49,-4.46,3
0.14,-1.00,0.09,-2.62,22.22,-17.40,25.98,53.00,-3.74,3
0.14,-1.01,0.09,2.81,3.05,1.89,24.95,53.76,-2.12,3
0.08,-1.03,0.12,-3.30,20.94,-13.31,25.18,54.02,-2.08,3
0.08,-0.96,0.15,7.32,33.20,-5.37,24.99,54.35,-0.70,3
0.11,-0.97,0.09,2.75,22.71,-0.12,25.62,54.54,1.93,3
0.06,-1.00,0.10,1.53,30.82,-2.93,25.77,54.52,3.31,3
0.07,-1.01,0.09,1.40,17.70,-2.20,25.81,54.57,4.21,3
0.11,-0.99,0.08,-20.81,24.41,-9.22,24.63,55.05,3.27,3
0.17,-0.99,0.08,-1.71,43.27,8.18,24.85,55.36,3.14,3
0.11,-1.00,0.09,26.79,-0.31,3.36,25.77,54.15,5.79,3
0.10,-0.93,-0.05,-16.97,30.15,8.67,26.27,54.35,7.41,3
0.18,-0.97,0.04,-2.01,-6.10,26.31,26.94,53.96,7.20,3
0.20,-0.94,0.03,10.62,9.83,11.29,27.54,52.92,7.79,3
0.22,-0.97,0.09,-3.78,28.32,-7.51,27.56,52.72,8.95,3
0.23,-1.02,0.05,-19.23,12.15,-3.11,26.59,53.55,10.12,3
0.23,-1.00,0.06,2.38,0.61,11.84,27.15,53.02,10.58,3
0.16,-0.96,0.04,14.04,11.66,18.49,28.10,52.43,10.29,3
0.21,-0.97,0.01,-0.67,7.26,-16.78,28.08,52.08,10.78,3
0.21,-1.00,0.01,2.20,36.62,-16.24,25.95,53.20,12.57,3
0.14,-1.03,0.01,-10.68,34.85,-25.09,23.77,54.70,13.43,3
0.11,-0.99,0.02,-20.51,17.70,-20.94,22.14,55.48,14.28,3
0.09,-1.01,-0.03,20.75,-19.96,4.70,20.03,56.35,12.82,3
0.14,-0.97,-0.11,20.20,-114.20,21.91,21.68,55.88,11.39,3
0.11,-1.02,0.05,12.88,-87.28,19.23,26.03,54.05,8.59,3
0.20,-0.98,0.02,-7.87,-0.85,-5.00,26.55,54.21,8.25,3
0.19,-0.98,0.02,-7.39,-6.35,-12.08,25.46,54.44,6.14,3
0.07,-0.96,0.05,-13.12,-24.41,-39.06,23.95,55.65,4.92,3
0.01,-0.98,0.05,-1.95,-60.97,-35.28,20.70,57.54,3.09,3
-0.02,-1.00,0.05,-3.05,-68.91,-26.49,18.73,57.85,0.85,3
-0.02,-1.00,0.09,7.63,-73.49,-33.51,16.25,58.86,-0.34,3
-0.11,-0.95,0.03,5.07,-28.81,-23.19,13.54,59.94,-1.29,3
-0.20,-0.99,0.00,-0.12,-16.24,-2.14,11.76,60.67,-2.04,3
-0.20,-1.03,0.01,-8.30,-28.32,-2.99,11.11,61.33,-2.09,3
-0.21,-1.01,-0.00,-3.11,-30.58,-3.60,9.39,61.35,-4.09,3
-0.24,-1.04,-0.01,6.41,-26.49,-13.85,8.15,61.23,-4.33,3
-0.22,-1.04,0.02,-1.04,-32.59,-13.98,5.58,61.65,-3.37,3
-0.21,-1.01,0.02,-12.51,25.82,18.25,5.94,61.94,-5.29,3
-0.13,-0.97,0.09,-11.11,-22.09,12.39,6.56,61.96,-5.13,3
-0.05,-0.94,0.10,-0.37,-56.34,2.01,7.54,62.05,-6.48,3
-0.14,-0.97,0.04,-2.62,-36.01,6.90,7.09,61.13,-7.60,3
-0.13,-1.00,0.07,-5.74,-46.14,1.10,6.08,61.65,-8.07,3
-0.13,-0.94,0.06,-11.23,-34.85,9.58,5.99,61.19,-9.46,3
-0.09,-0.95,0.02,-8.12,-40.53,11.23,6.01,60.29,-11.35,3
-0.13,-0.97,0.02,-10.56,-15.32,7.32,5.81,59.42,-13.95,3
-0.16,-1.00,0.02,-1.59,-15.75,-1.83,5.98,59.31,-13.71,3
-0.18,-1.01,0.02,3.85,-2.75,-11.23,5.38,58.78,-13.33,3
-0.19,-1.01,-0.08,3.85,-4.03,-16.17,3.92,59.51,-13.79,3
-0.28,-0.95,-0.08,5.86,-24.54,-23.07,1.31,60.12,-15.15,3
-0.19,-0.92,0.13,-7.81,20.32,11.54,-0.98,60.11,-13.66,3
-0.10,-1.00,0.14,-9.77,4.09,13.00,1.14,60.17,-13.94,3
-0.19,-1.00,0.11,2.32,-25.45,-7.45,2.12,59.78,-13.75,3
-0.07,-0.91,0.15,-13.85,-24.96,37.29,2.19,60.24,-14.79,3
-0.11,-1.03,0.14,-0.49,-8.67,20.08,3.71,59.38,-15.80,3
-0.08,-1.00,0.06,-1.65,24.90,16.97,3.96,59.11,-17.13,3
-0.03,-0.98,0.08,-4.58,31.31,22.46,6.64,58.62,-16.43,3
0.01,-1.05,0.10,-2.99,47.61,20.75,10.49,58.08,-15.04,3
0.09,-1.00,0.13,-22.40,47.42,68.42,17.07,55.41,-16.50,3
0.13,-0.98,0.14,-3.54,2.08,6.04,19.14,53.85,-15.31,3
0.12,-0.99,0.11,0.61,-3.66,-9.89,20.25,53.87,-16.00,3
0.10,-1.00,0.12,7.87,1.53,-28.44,18.90,53.92,-16.32,3
0.12,-1.00,0.11,14.28,-4.64,-28.75,17.21,54.80,-15.30,3
0.02,-0.98,0.09,6.16,-1.04,-21.00,17.09,54.71,-15.14,3
0.03,-1.06,0.09,4.09,-1.71,-13.31,15.44,55.48,-16.02,3
-0.03,-1.00,0.07,4.58,3.91,-13.67,14.40,56.27,-15.08,3
0.00,-1.01,0.09,4.88,6.84,9.40,14.83,56.36,-14.69,3
0.02,-1.02,0.08,1.77,5.55,14.95,16.13,56.60,-14.56,3
0.03,-1.06,0.05,-2.44,15.38,24.11,17.80,54.98,-14.07,3
0.11,-0.97,0.08,-4.46,18.43,19.78,20.10,53.85,-14.07,3
0.14,-1.01,0.07,-0.73,14.77,11.47,22.52,52.22,-12.94,3
0.17,-0.98,0.06,2.81,5.37,-6.04,23.38,52.11,-13.13,3
0.10,-0.97,0.05,4.09,-4.03,-19.04,23.06,52.19,-12.22,3
0.10,-0.99,0.08,2.01,-6.65,-22.03,21.29,52.88,-13.10,3
0.04,-1.00,0.06,-6.04,-11.29,-11.90,19.71,53.91,-13.13,3
0.01,-0.97,0.06,-3.60,0.49,-1.59,18.69,53.98,-12.22,3
0.03,-0.98,0.08,3.48,10.62,19.35,18.68,54.53,-13.46,3
0.10,-1.01,0.06,2.20,18.43,32.53,21.78,53.48,-12.66,3
0.06,-0.97,0.04,-2.26,8.36,4.03,23.05,51.87,-10.80,3
0.10,-0.95,0.04,1.10,11.72,-13.92,22.78,52.64,-11.34,3
0.12,-0.98,0.12,7.08,36.01,-23.32,23.06,53.60,-10.22,3
0.01,-0.98,0.02,-3.05,24.11,-5.07,21.98,53.63,-9.16,3
0.07,-1.01,0.03,-2.20,25.70,0.31,22.07,54.43,-7.13,3
0.05,-0.99,0.04,-5.07,30.46,-2.50,23.25,54.20,-6.63,3
0.05,-0.99,0.07,-16.05,38.82,3.30,22.75,54.26,-7.23,3
0.15,-1.00,0.08,-7.63,29.66,-1.89,23.95,53.56,-6.40,3
0.09,-0.98,0.09,-3.78,28.69,-1.46,24.52,54.11,-4.88,3
0.07,-1.02,0.08,-5.98,18.80,-15.14,24.40,54.81,-4.43,3
0.04,-0.98,0.09,-5.00,21.36,-1.95,23.25,55.08,-3.48,3
0.07,-0.96,0.08,1.95,17.09,-5.31,23.33,55.82,-2.84,3
0.04,-0.98,0.08,0.55,-7.20,-7.63,22.66,56.05,-1.20,3
-0.03,-1.00,0.10,-1.53,-8.79,-14.89,22.17,56.67,-1.68,3
-0.01,-1.01,0.10,-3.91,-23.19,-7.02,21.40,56.93,-2.61,3
-0.08,-1.01,0.12,-8.73,-33.63,-28.14,20.31,57.54,-3.96,3
-0.09,-0.98,0.10,-6.04,-26.79,-26.37,17.05,58.48,-6.03,3
-0.13,-0.97,0.10,8.61,-13.79,-9.40,15.27,59.74,-6.01,3
-0.13,-1.01,0.11,5.43,7.75,-4.46,14.27,59.79,-4.75,3
-0.14,-0.98,0.10,7.63,24.35,5.92,14.31,59.81,-6.67,3
-0.10,-0.98,0.09,2.87,22.71,20.63,16.00,59.96,-4.02,3
-0.06,-0.99,0.08,3.85,32.17,11.47,17.27,59.28,-2.49,3
-0.05,-1.01,0.08,4.46,29.24,19.96,18.84,58.65,-0.21,3
0.00,-0.98,0.09,0.55,16.11,6.77,19.82,58.97,-0.60,3
0.01,-1.01,0.07,3.05,14.71,4.70,20.08,58.23,0.83,3
0.03,-1.00,0.08,-2.26,21.91,9.83,20.85,57.91,0.99,3
0.08,-1.00,0.05,-6.10,43.03,0.12,21.35,57.32,1.99,3
0.06,-1.00,0.08,-5.62,25.02,8.67,21.70,57.91,2.38,3
0.06,-0.99,0.10,-7.08,12.08,-7.20,22.34,57.18,1.86,3
0.02,-0.98,0.10,-0.31,-4.88,-10.86,21.17,56.74,1.76,3
0.03,-0.97,0.11,-0.12,-25.70,-5.19,20.41,58.17,2.70,3
0.00,-1.00,0.09,2.62,-21.91,-9.34,19.85,57.47,1.18,3
-0.01,-1.00,0.13,5.13,-36.19,-11.90,19.56,58.07,1.57,3
-0.02,-1.02,0.07,10.19,-76.84,-23.44,17.21,59.19,0.82,3
-0.09,-0.99,0.05,-0.55,-43.33,-10.50,14.86,59.85,-0.79,3
-0.10,-1.00,0.06,11.05,-27.53,-2.99,13.98,60.10,-0.40,3
-0.14,-0.99,0.02,5.13,-31.86,-2.62,13.16,60.16,-1.66,3
-0.15,-1.02,0.01,0.79,-20.63,-3.36,12.50,60.68,-2.56,3
-0.13,-0.98,0.02,-1.89,11.78,2.81,11.84,61.29,-2.62,3
-0.13,-0.96,0.02,-2.56,5.68,-1.95,12.22,60.94,-3.21,3
-0.12,-1.00,0.03,-0.18,-2.50,2.99,12.33,61.49,-2.47,3
-0.12,-0.97,0.00,2.75,-12.33,0.31,12.50,61.08,-2.51,3
-0.12,-0.98,-0.00,0.43,-9.03,1.28,12.50,61.38,-3.22,3
-0.12,-1.02,-0.00,1.59,-20.51,20.20,12.74,60.82,-3.15,3
-0.06,-1.01,-0.03,-0.85,1.71,13.31,13.42,60.74,-2.26,3
-0.10,-0.94,0.01,-7.63,17.94,4.27,14.04,60.23,-3.09,3
-0.09,-1.00,-0.00,0.43,-4.94,7.87,15.12,60.11,-3.61,3
-0.06,-1.07,-0.01,10.62,-19.71,-11.66,14.22,60.51,-3.49,3
-0.08,-1.00,-0.02,5.92,-11.41,-8.73,13.85,60.75,-3.77,3
-0.07,-1.00,-0.01,-6.47,-6.41,19.47,13.06,60.41,-3.36,3
-0.01,-1.00,0.01,-5.62,-27.28,13.37,13.95,60.13,-3.34,3
-0.05,-1.02,0.00,-5.00,-32.78,-1.65,14.00,60.01,-4.38,3
-0.00,-0.98,0.00,-2.32,-25.94,10.74,13.85,60.21,-5.19,3
-0.04,-1.03,-0.02,-2.87,-23.74,0.18,14.55,59.91,-7.20,3
-0.02,-1.01,-0.02,-3.54,-11.29,-0.67,14.11,59.34,-8.18,3
-0.03,-1.00,-0.02,16.05,-20.63,4.46,13.24,60.14,-8.52,3
0.00,-1.05,-0.02,4.03,-14.40,1.46,13.13,60.06,-8.46,3
-0.06,-1.00,-0.03,-5.55,-1.22,-2.69,12.72,60.80,-8.13,3
-0.03,-1.00,-0.01,-7.08,14.83,-7.45,12.95,60.55,-9.33,3
-0.04,-0.99,0.01,-14.22,19.78,2.93,13.48,59.48,-9.81,3
-0.01,-1.00,0.02,-6.47,19.41,4.15,13.71,59.69,-10.17,3
-0.00,-1.02,0.03,2.08,15.93,10.99,14.72,59.07,-10.47,3
-0.02,-1.02,0.03,-2.81,8.18,6.59,16.48,58.97,-8.44,3
0.04,-0.99,0.06,-11.78,13.06,17.09,17.29,58.40,-9.46,3
0.06,-1.01,0.04,-0.98,26.86,14.95,18.42,57.79,-9.31,3
0.08,-1.01,0.05,6.29,30.09,-2.99,20.48,57.29,-8.40,3
0.11,-1.03,0.04,2.08,12.27,-3.78,20.54,56.76,-6.47,3
0.07,-0.99,0.02,0.12,27.59,17.09,22.18,56.53,-5.81,3
0.09,-0.97,0.01,1.89,20.32,14.10,23.22,55.83,-4.77,3
0.13,-0.98,0.00,2.56,26.37,0.12,24.34,56.19,-4.59,3
0.12,-1.00,-0.01,9.28,19.47,-2.69,24.72,55.44,-2.28,3
0.10,-0.99,-0.01,6.04,10.01,3.54,24.80,55.18,-2.03,3
0.12,-0.98,-0.02,-5.62,2.81,-1.77,25.77,55.21,-0.93,3
0.14,-0.95,-0.01,-8.97,14.53,-2.62,25.61,54.92,0.17,3
0.09,-1.01,-0.01,5.80,20.94,-21.00,25.50,55.04,-0.09,3
0.08,-1.02,-0.02,-0.12,-19.35,-13.43,23.94,56.38,0.32,3
0.06,-0.99,-0.01,1.71,-44.01,-0.61,23.27,56.52,-1.11,3
0.03,-1.00,-0.01,-5.07,-59.08,0.00,23.39,56.34,-3.42,3
0.07,-1.00,0.02,-2.14,-44.31,-5.55,22.41,56.14,-5.37,3
0.04,-1.00,0.00,-1.77,-29.11,-8.00,21.34,56.73,-6.58,3
0.01,-1.00,-0.01,6.84,-20.39,-3.42,20.00,56.74,-6.82,3
0.05,-1.00,-0.00,-1.53,6.90,0.00,19.64,56.29,-7.31,3
0.03,-1.00,-0.00,-5.07,30.94,3.54,20.23,56.73,-8.01,3
0.03,-0.99,0.00,5.13,12.27,6.71,21.37,56.04,-5.44,3
0.07,-1.02,-0.01,5.49,22.64,2.50,21.86,55.90,-5.85,3
0.05,-1.00,-0.02,4.70,4.94,2.50,22.56,55.51,-5.52,3
0.05,-0.99,-0.04,0.61,1.16,6.71,22.92,55.66,-3.23,3
0.07,-0.98,-0.04,0.31,8.85,1.65,23.54,55.48,-3.49,3
0.05,-1.00,-0.04,2.14,26.18,6.65,24.04,55.27,-3.05,3
0.05,-0.98,-0.06,-0.55,24.90,-1.53,24.27,55.16,-2.53,3
0.09,-0.96,-0.05,-2.69,22.83,-1.53,24.38,55.40,-1.12,3
0.06,-0.99,-0.04,-4.52,2.01,-0.79,24.35,54.71,-1.65,3
0.08,-1.04,-0.02,-1.65,-7.39,-3.72,24.21,55.04,-0.29,3
0.06,-1.01,-0.03,-5.13,-26.55,-0.31,24.21,54.55,-2.29,3
0.04,-0.99,-0.04,-5.74,-31.86,-6.35,24.01,54.61,-4.61,3
0.04,-0.99,0.00,-3.91,-23.62,-7.87,22.86,55.15,-5.82,3
0.02,-1.00,-0.01,-2.01,-10.86,-4.39,22.25,55.37,-5.31,3
0.02,-1.00,0.01,-3.23,2.20,0.12,22.29,55.25,-6.13,3
0.01,-1.01,0.02,-1.65,7.02,0.61,21.47,55.26,-6.07,3
0.02,-0.99,-0.00,0.24,19.10,5.92,21.81,55.09,-5.97,3
0.01,-1.00,-0.00,1.71,19.59,-0.67,22.63,54.75,-4.30,3
0.03,-1.01,0.01,-0.43,16.42,-2.32,23.08,55.14,-3.43,3
0.05,-1.00,0.02,-3.66,14.22,-5.13,22.52,55.33,-3.26,3
-0.01,-1.03,0.02,-1.22,13.67,2.08,22.79,54.87,-3.55,3
0.01,-1.00,0.02,-5.37,29.54,1.59,22.99,54.30,-2.83,3
-0.03,-1.00,0.01,0.18,28.87,-9.58,22.95,54.58,-1.27,3
-0.02,-0.95,0.01,-2.69,29.79,9.77,22.79,55.55,-0.61,3
0.01,-0.99,-0.01,0.61,26.49,8.54,23.01,55.07,2.20,3
0.15,-0.99,-0.01,-0.43,24.78,16.78,23.29,54.94,3.31,3
0.13,-0.99,-0.00,-1.77,8.54,6.10,24.79,54.79,3.36,3
0.08,-0.96,0.01,-5.55,7.32,1.77,25.43,54.65,3.47,3
0.11,-0.97,0.02,-0.43,10.38,1.65,25.05,54.36,3.15,3
0.07,-1.01,0.04,-15.14,27.34,-19.96,23.83,55.13,4.70,3
0.03,-0.97,0.03,0.31,5.92,-26.31,23.25,55.90,5.21,3
-0.03,-0.96,0.03,2.44,0.61,-21.91,21.30,56.34,4.54,3
-0.01,-1.01,0.00,10.99,-3.05,-9.28,18.66,57.60,6.02,3
-0.09,-1.00,0.02,-9.22,-11.72,1.95,19.12,58.07,6.62,3
-0.05,-1.01,0.01,-6.04,-5.74,-7.32,18.90,58.19,5.51,3
-0.09,-0.99,0.02,-7.81,-0.37,2.38,17.99,58.39,4.48,3
-0.04,-0.99,0.02,-1.40,14.04,3.97,18.44,58.47,3.71,3
-0.00,-0.98,0.03,-2.26,13.67,2.99,18.57,58.44,4.99,3
0.03,-1.03,0.04,3.60,10.56,2.62,18.98,57.91,4.55,3
-0.01,-1.00,0.02,8.73,8.24,11.17,18.93,57.89,5.85,3
-0.04,-1.01,0.03,2.08,11.84,-8.48,20.08,57.84,5.73,3
0.04,-1.06,0.03,-1.59,6.65,0.73,18.53,58.72,7.59,3
-0.02,-1.01,0.02,-0.31,11.66,-2.50,18.26,59.16,8.19,3
-0.01,-1.00,0.02,1.77,8.54,5.68,17.35,59.23,7.92,3
-0.02,-1.02,0.02,-2.93,16.36,0.79,18.01,58.92,8.34,3
-0.02,-1.00,0.02,1.77,11.78,-3.23,18.26,58.80,7.98,3
-0.02,-0.98,0.02,-0.18,5.00,-1.10,17.15,58.94,8.72,3
-0.01,-1.00,0.03,0.92,10.19,-3.30,17.50,57.95,7.96,3
0.02,-1.00,0.01,2.87,-6.53,5.07,16.82,58.56,7.67,3
-0.07,-0.99,0.00,12.33,-24.72,10.99,17.98,58.03,8.98,3
0.03,-0.99,-0.01,-3.42,-41.02,3.97,18.60,58.12,8.61,3
-0.01,-1.01,0.01,-5.55,-18.55,-9.16,19.08,58.63,7.09,3
-0.03,-1.00,0.01,2.38,-12.63,-1.40,17.94,58.78,6.32,3
-0.02,-0.98,-0.00,-1.28,-13.12,-5.00,17.74,58.48,6.47,3
-0.00,-1.01,0.01,-1.89,-21.36,-7.08,16.98,59.28,5.26,3
-0.01,-0.97,0.02,-5.49,-26.43,-1.65,17.02,59.23,4.42,3
-0.03,-1.00,-0.00,0.06,-20.51,14.89,18.29,58.96,3.50,3
-0.03,-1.03,0.01,4.39,-5.31,1.71,19.10,58.57,3.85,3
-0.02,-1.02,0.01,-2.01,3.05,1.10,18.80,58.74,3.19,3
0.00,-0.99,-0.00,-4.52,6.71,4.46,18.74,58.62,4.41,3
0.01,-0.98,-0.01,1.40,31.86,2.87,19.02,58.89,3.56,3
0.03,-0.97,0.04,4.15,41.93,-22.83,17.85,58.73,4.46,3
0.03,-1.00,0.02,6.90,23.86,-6.41,15.97,58.81,6.88,3
-0.00,-1.01,-0.00,4.52,10.38,-0.98,16.08,58.76,9.00,3
-0.02,-1.01,-0.03,-7.39,-0.31,-0.24,15.97,58.67,6.30,3
-0.03,-0.99,-0.01,-3.48,3.48,-0.18,16.78,59.14,7.70,3
-0.04,-0.96,-0.03,-4.33,1.89,19.04,17.55,58.94,6.79,3
0.06,-1.02,-0.01,2.32,7.39,23.56,18.33,58.75,8.29,3
0.08,-1.02,-0.02,-2.75,-3.85,22.58,21.14,57.01,8.33,3
0.12,-0.97,-0.02,-0.79,-1.53,2.32,21.91,56.80,7.08,3
0.11,-0.97,-0.01,8.06,-6.47,17.15,23.23,55.86,7.20,3
0.12,-0.98,-0.03,6.10,-5.07,2.87,24.02,54.94,9.30,3
0.11,-1.00,-0.08,1.53,-3.72,2.62,24.35,54.30,9.50,3
0.14,-0.95,-0.05,4.46,1.77,-6.84,24.45,54.92,10.03,3
0.12,-0.94,-0.04,-0.67,-7.81,-1.10,24.06,54.19,9.72,3
0.15,-0.95,-0.04,1.59,-17.03,7.69,24.05,54.61,9.62,3
0.12,-0.98,-0.05,-3.91,-26.55,-7.08,24.67,53.98,8.54,3
0.13,-1.00,-0.04,-5.92,-34.00,-8.48,24.87,54.85,6.93,3
0.12,-0.98,-0.01,-4.03,-27.22,-6.77,23.65,55.19,4.96,3
0.10,-0.99,-0.02,-5.25,-19.47,-11.35,24.05,55.48,4.66,3
0.09,-0.98,-0.01,5.19,27.53,-1.59,23.23,55.53,3.14,3
0.11,-0.96,-0.00,0.67,26.98,13.24,23.73,54.94,4.20,3
0.16,-1.00,-0.04,2.08,6.84,12.88,25.78,54.79,4.42,3
0.16,-1.00,-0.08,28.50,26.06,22.28,26.46,53.70,5.73,3
0.19,-0.96,-0.12,18.37,4.94,40.16,27.67,52.71,9.18,3
0.25,-0.93,-0.20,7.20,49.26,9.22,30.37,50.59,11.12,3
0.21,-0.97,-0.14,2.01,134.34,12.94,30.14,48.75,17.50,3
0.22,-0.89,-0.27,-7.57,55.85,-22.64,27.72,49.24,21.36,3
0.12,-0.96,-0.17,-10.68,29.97,-15.50,24.28,50.20,23.27,3
0.18,-0.94,-0.24,-13.37,37.66,-3.36,22.71,51.27,23.67,3
0.13,-0.97,-0.30,-22.34,50.60,0.61,20.50,52.43,23.23,3
0.21,-0.95,-0.11,-47.91,37.17,32.23,19.98,53.56,23.35,3
0.07,-1.05,-0.19,-59.39,133.54,29.85,21.07,53.13,20.41,3
0.19,-0.98,-0.13,13.85,72.81,2.20,16.78,55.08,23.97,3
0.16,-0.98,-0.02,-29.66,-11.84,17.21,16.86,54.74,22.33,3
0.20,-0.97,0.01,27.34,39.06,-15.38,16.13,55.37,21.78,3
0.18,-0.99,-0.02,0.98,5.62,-0.37,15.22,56.29,22.07,3
0.16,-0.89,-0.02,-3.72,22.40,-17.94,14.53,56.30,22.77,3
0.23,-0.97,0.02,2.32,34.61,-6.71,11.65,57.37,22.13,3
0.17,-1.01,-0.07,-0.18,36.87,0.06,10.52,57.14,22.89,3
0.15,-0.91,-0.06,17.15,-2.56,0.85,10.27,57.19,24.18,3
0.17,-0.99,-0.06,6.53,-9.52,-8.73,9.68,56.75,24.00,3
0.14,-1.09,-0.06,43.33,0.92,-7.75,9.88,56.05,26.38,3
0.14,-0.98,-0.19,23.07,13.61,-8.97,8.34,54.46,27.47,3
0.11,-0.91,-0.19,28.69,11.05,11.78,8.28,54.47,28.52,3
0.15,-0.97,-0.27,1.83,8.61,-7.57,7.93,53.20,29.97,3
0.14,-0.99,-0.30,16.05,14.28,-20.20,5.79,53.49,31.05,3
0.09,-0.97,-0.30,5.31,33.14,-0.73,4.61,53.04,31.48,3
0.06,-0.94,-0.29,6.35,38.15,2.01,2.56,52.62,32.10,3
0.04,-0.96,-0.28,-7.08,11.35,1.40,1.59,52.50,32.79,3
0.06,-0.94,-0.27,-7.75,-13.18,6.90,1.10,52.59,30.83,3
0.08,-0.96,-0.27,-6.47,-15.81,-13.61,1.97,52.83,31.04,3
0.04,-0.94,-0.24,-12.33,-21.12,-14.04,1.89,52.87,31.41,3
0.02,-0.95,-0.23,-14.59,-20.81,-13.31,1.50,54.60,29.08,3
-0.01,-0.99,-0.21,-16.72,23.01,-4.64,0.79,55.91,28.39,3
-0.01,-1.01,-0.21,-8.54,77.51,-0.55,-1.75,56.76,27.38,3
-0.00,-0.97,-0.16,-2.56,42.30,-1.83,-4.24,56.76,27.69,3
-0.01,-0.98,-0.21,5.07,38.64,5.98,-5.38,56.70,27.00,3
-0.05,-0.99,-0.14,-3.30,37.35,-0.67,-6.64,56.16,26.54,3
-0.04,-0.97,-0.14,-7.08,43.09,13.00,-8.44,57.53,25.81,3
-0.01,-0.98,-0.14,-3.91,53.47,10.86,-8.59,57.45,24.83,3
0.02,-0.96,-0.12,-2.93,30.76,-2.38,-9.77,57.86,25.31,3
-0.02,-1.00,-0.13,-1.77,16.24,-0.18,-11.61,57.60,22.57,3
-0.04,-1.00,-0.14,2.26,17.27,-1.89,-11.87,57.79,22.02,3
-0.09,-0.96,-0.13,0.85,31.07,5.07,-12.49,58.30,24.45,3
-0.07,-1.02,-0.15,-10.68,37.29,-10.86,-13.85,59.16,22.75,3
-0.07,-1.00,-0.09,-6.71,11.84,2.56,-16.14,59.23,22.30,3
-0.13,-0.98,-0.08,-3.91,33.69,15.20,-15.86,59.34,20.85,3
0.01,-0.99,-0.10,-13.18,37.54,-4.52,-15.70,59.64,18.26,3
-0.04,-0.98,-0.06,-8.97,31.74,-4.64,-16.77,60.13,16.70,3
-0.04,-0.98,-0.04,-6.10,9.46,-16.42,-18.41,59.89,15.63,3
-0.10,-1.01,-0.02,-5.68,6.16,2.87,-18.54,59.86,14.79,3
